n,matcher_time_seconds,verifier_time_seconds
1,0.000001892,0.000036433
2,0.000002167,0.000030475
4,0.000008684,0.000040492
8,0.000014459,0.000056500
16,0.000021750,0.000074708
32,0.000151559,0.000207100
64,0.000457608,0.000492067
128,0.001040184,0.001886975
256,0.004417550,0.008165991
512,0.027381067,0.037760967
